time_s,x_true_m,y_true_m,heading_true_rad,x_meas_m,y_meas_m,heading_meas_rad,x_kf_m,y_kf_m,heading_kf_rad,x_ekf_m,y_ekf_m,heading_ekf_rad,steering_angle_rad,goal_distance_m
0.0,0.0,0.0,0.0,0.47028235819560693,-0.9755175943269182,-0.11363659923371783,0.6056149339260849,-0.944230832043987,-0.09188155598170011,0.6101620601138997,-0.9479701818503949,-0.09026072420808262,0.5235987755982988,80.37929462102089
0.1,1.0,0.0,0.23094010767585038,1.0639202015836426,-0.1581212961717911,0.22947393009287032,1.3580657638795732,-0.5969767863621734,0.1832353369817885,1.3603237721892762,-0.6050400237116849,0.19405608986656553,0.5235987755982988,79.38407273359611
0.2,1.973451641352811,0.22889277390848028,0.46188021535170076,1.5469296775660208,0.6685917613398946,0.5297553661951722,2.088774307105373,0.0020281189226607488,0.4578181550318283,2.07311504532267,-0.007014612404136034,0.4778541279222437,0.5235987755982988,78.39295364490518
0.30000000000000004,2.8686678374577737,0.6745248668184962,0.6928203230275511,2.901683186238382,1.2381454703025128,0.7336182095582071,3.038047678322827,0.7062791689694924,0.6980944030462299,2.938918452755258,0.6859538097563519,0.7245118375657817,0.5220720098995951,77.45970939020685
0.4,3.638115547032954,1.3132346774755026,0.922946872166384,3.208469315591335,1.497610069516752,0.8392685795436212,3.841187878226431,1.428619304127711,0.8400603137026685,3.5759613917329762,1.381361714326902,0.8644099025279077,0.35236010481766356,76.63685823428722
0.5,4.241588540314099,2.110618114963575,1.0700290260996148,4.680813690967736,2.085655159470449,1.0538967415651967,4.8063707706761205,2.2746228352976035,0.9516881617089066,4.30206027910893,2.1550947726421206,0.967013629570534,0.16217963948336114,75.97170138478803
0.6000000000000001,4.7216873074311625,2.987832555002427,1.1354756884051076,4.381222535229192,3.5991032243394425,1.1219904471375965,5.514902547825197,3.375228896705196,1.0034846277753715,4.714075463488454,3.157956078410319,1.0180134085920303,-0.025983186071879102,75.43192803656169
0.7000000000000001,5.1433884644805525,3.8945674303343543,1.1250800744214366,4.929224553398999,3.7185006550902395,1.1715328140540135,6.203354949697153,4.3100944999563815,1.0043898908811464,5.116171292744396,3.998110729625492,1.0216191158685248,-0.16942350441903611,74.9583897233835
0.8,5.574492731341384,4.796869547750902,1.0566547151445214,5.757214763523423,5.003235853548896,1.0942509400906815,6.926780722680204,5.315013950622609,0.9539512598997684,5.607101568210171,4.91672485418485,0.9668451108297305,-0.2788836087415053,74.48604876899442
0.9,6.066280349878298,5.667584735544127,0.942116311029559,7.137104150313529,5.464377227351819,0.8974147000710611,7.778465863562839,6.127278332282651,0.8164225063988857,6.351510664080477,5.689712046509871,0.8170970174495786,-0.4071946920347659,73.96444846652234
1.0,6.654358011307572,6.476389201486221,0.7695963050944266,6.247471647183633,6.784378912773969,0.8681177234532704,8.308848677571389,6.990405129640585,0.7083456496585407,6.798581657857174,6.558770586718279,0.7105206594535729,-0.45115962374623897,73.35757369183182
1.1,7.372549648661508,7.172234566517039,0.575801872791744,7.31557591983407,6.752156328035775,0.5038523136184558,8.942011729722056,7.491480869067727,0.49027187394259597,7.509276498120733,7.129467581236475,0.48578939345840233,-0.5235987755982988,72.63015840709942
1.2000000000000002,8.211305595006744,7.71674210776005,0.3448617651158936,8.536601988919095,8.088369193361771,0.3922609167568254,9.684777378553012,8.044793429908676,0.31752701794934923,8.384349121896491,7.73189319975777,0.30195634387442327,-0.5235987755982988,71.78874201817885
1.3,9.152427789200141,8.054808692320849,0.11392165744004323,8.819672935555793,8.170889353854209,0.12410441523934024,10.344657644819053,8.325852349478026,0.11112406755497162,9.226995394716386,8.08340296040531,0.0918389779318094,-0.5235987755982988,70.84803250524611
1.4000000000000001,10.14594573215715,8.168484094332335,-0.11701845023580715,10.255290030521657,8.60419848330643,-0.09750605764119813,11.146490621792733,8.474070480704349,-0.09624635452429553,10.219270194490798,8.278843449197767,-0.1215631376250692,-0.5235987755982988,69.85502919279705
1.5,11.13910688253369,8.05173252311058,-0.34795855791165753,11.478563664069638,8.085522057855027,-0.3227281307190255,12.025188928845811,8.302927551578634,-0.3056353644832024,11.261862359703414,8.144549888019839,-0.3326661752182769,-0.49184251189555506,68.86135535175349
1.6,12.079177643500458,7.710753103826419,-0.5622614336926421,12.394821756419727,6.982175193898586,-0.5901580099390924,12.910835521518962,7.7309236979993115,-0.5187499875507298,12.240135397657978,7.609184646760344,-0.5413613376302311,-0.40883316330486547,67.9208802356566
1.7000000000000002,12.925229346707425,7.1776522545487325,-0.7355592936955917,12.690043019561028,6.858213330427062,-0.7595699846718666,13.689539406999577,7.09155961097752,-0.6815737976418128,13.010151996507657,7.0112707059631205,-0.6995215038625107,-0.3016959089451189,67.07765244417543
1.8,13.666684928934986,6.506650302551878,-0.8600374598373066,14.414155584552184,6.0737347447052565,-0.7755392330202344,14.639644835635005,6.334068994138703,-0.7754445133078685,13.895325159636439,6.315257300638411,-0.7844017714772398,-0.22118694957975088,66.34591133094436
1.9000000000000001,14.319094007982171,5.748783299986914,-0.949983882538159,13.477659122174268,5.581340784994026,-0.935780998269184,15.248063406150251,5.527571781493218,-0.8665411817718396,14.36773046817802,5.563286258057184,-0.8807320344087524,-0.14761432871601446,65.71290996700343
2.0,14.90079020756386,4.935377170558189,-1.009462253937687,15.193901373243499,5.2909904604546165,-0.9402296471085241,16.05717525614932,4.786086816534055,-0.9075534324797419,15.043018211506025,4.891169001695753,-0.9188341510090257,-0.08935735253701488,65.16218133101901
2.1,15.433106232506852,4.088831454374537,-1.0453006324360277,15.258743696382632,3.8576555580422536,-0.9704281122828413,16.731563557855054,3.8576273060653463,-0.9394332109447334,15.559094812593255,4.033432448017704,-0.9517787184018589,-0.04259572827630691,64.67342779386816
2.2,15.934748111782291,3.223756067511054,-1.0623492359670457,15.839095949341484,2.585912905842093,-1.1612472022426172,17.388961005652202,2.767128997668408,-1.0156154323637945,16.01040615983962,3.0414874831346843,-1.02726799230825,-0.0068024120592918725,64.22844564599055
2.3000000000000003,16.42156947763289,2.3502545175688936,-1.0650702427604353,15.961843334632084,2.598834889595776,-1.052641252590396,17.949597992362957,1.921974540348603,-1.013013278031135,16.40986651353134,2.2504570715417964,-1.0326145615377778,0.01916352930743214,63.811521436799666
2.4000000000000004,16.906012240583106,1.4754315586651159,-1.0574038925488152,17.25125491761699,1.2618052354968488,-1.0435686945268987,18.642173606463867,0.9703914554432654,-1.0087837561351973,16.98006147842043,1.3671840480283715,-1.0237182486460457,0.03724109336676289,63.410126658899884
2.5,17.39714740102475,0.6043481790865812,-1.0425005647613519,17.709942598008418,0.449674909226462,-1.0026394055765717,19.29242284054152,0.06407286710571328,-0.9879999218713835,17.54291675158161,0.5047082884750845,-1.0018857462846111,0.0496699531191242,63.014968535166155
2.6,17.901209580231914,-0.2593191871447267,-1.022616228580171,17.57024660969859,-0.44084611042726257,-1.0559291442296708,19.79969515160263,-0.8502005093818373,-0.9884446300830922,17.950230445800383,-0.38140168726754076,-1.0084172769200528,0.05864056259752215,62.61951055407066
2.7,18.42234443353841,-1.1127935363018744,-0.9991330800788605,17.82442461074389,-0.8693072959090835,-1.0400961618443807,20.261163509836493,-1.6532326186547726,-0.9764001353704894,18.335005806594154,-1.180885445122904,-1.004475452243498,0.06608000858323612,62.219251634471384
2.8000000000000003,18.963376024242837,-1.9537958061322447,-0.972662536953679,18.96962308360668,-1.7134224766792903,-0.9336953407810542,20.8463926050092,-2.4233868246526717,-0.9328074777288244,18.90988993324782,-1.9551991021795563,-0.9591257321764242,0.07356131809812373,61.810959782554306
2.9000000000000004,19.526477265571692,-2.780183724735792,-0.9431848199189266,19.859169820058085,-2.829426466990504,-0.980124566235451,21.48670569409952,-3.270675018505659,-0.9163458606121866,19.54367181960773,-2.7895646089729578,-0.9368500029233724,0.09483103796206228,61.39197860189389
3.0,20.113690376696386,-3.5896160950566594,-0.9051382864155917,20.073831271243186,-4.433283312035674,-1.0314226728678841,22.04997773620626,-4.298856428820643,-0.9237269667586077,20.066627362183574,-3.787313098035688,-0.9406272201066952,0.11738119400366057,60.95966124071197
3.1,20.731267198808283,-4.376126660014417,-0.8579689711965668,20.06991739263108,-4.874750073815157,-0.8230820885918755,22.510591170570052,-5.130596331629042,-0.8489384895705672,20.546759887633897,-4.64763720656483,-0.8708863916047154,0.1428703605809137,60.50641870600079
3.2,21.385242520310562,-5.132642541451146,-0.8004287909373522,20.932502992630532,-5.321723818470841,-0.6870497332801113,23.04396184986371,-5.808188954500536,-0.7309401684281189,21.166128309726684,-5.378850583009271,-0.7536809315349657,0.21745492274915518,60.024396050810886
3.3000000000000003,22.081641569827696,-5.850297307917332,-0.7120493548107114,21.903509584296984,-5.4815395236837885,-0.7935228671657275,23.656544326565488,-6.363451155119417,-0.6730937132796089,21.871329194903126,-5.981870289487368,-0.6944251609860688,0.2434667281740573,59.50505117929592
3.4000000000000004,22.838666015574375,-6.503683861606593,-0.6126916848647834,22.73594723664056,-6.978694889061884,-0.6422779021029266,24.308920436415505,-7.061165510332335,-0.5701831087061948,22.63051736617655,-6.713669912623604,-0.5836856717629137,0.33934563281959274,58.92365380119124
3.5,23.656769087368197,-7.078755477947997,-0.4714913647384753,24.076923156096896,-7.9424156895441715,-0.43358075009654806,25.08593173756615,-7.703473890932546,-0.42986009619995613,23.573298856149638,-7.390766224203222,-0.43249556987274884,0.3675402491732736,58.274521648375526
3.6,24.547660965678354,-7.532970912693451,-0.3174769396465176,24.666528766844493,-7.830045890541848,-0.4436692933135338,25.829023133058264,-8.128721500255212,-0.3215474251089425,24.4834125822465,-7.8650362366879865,-0.31949500402207587,0.4016296586734742,57.53298372753436
3.7,25.497687032000623,-7.845141496362437,-0.14759073493898844,25.533751785857557,-8.109887850894339,-0.12728590504295934,26.59458212030073,-8.367958207795699,-0.13784201090463233,25.45441911642419,-8.160786573842204,-0.131006048884033,0.4333649038961921,56.703214427840784
3.8000000000000003,26.486815275971495,-7.992196985818286,0.0374892605206103,26.497741348733214,-7.191307540157829,0.016601541607704107,27.396056600393514,-8.226133196181648,0.048945311177182926,26.465675358261695,-8.073805762708215,0.0599664864061169,0.4525110989157331,55.79458943731976
3.9000000000000004,27.48611263594356,-7.954716506194066,0.23195161158793987,26.974363889632627,-7.865078688715908,0.25114994398182366,28.13873369656106,-8.096142533791118,0.23080862417683434,27.374840416381907,-7.9817738548762405,0.24306879365632428,0.4184332407658842,54.82610041793702
4.0,28.4593322534109,-7.724839199404718,0.4098294696971321,29.138926041031116,-7.307283576447428,0.440972344633324,29.138768510437092,-7.721225256737228,0.40613348819837203,28.49227229322165,-7.630466645869174,0.4176161654575692,0.37533401770942915,53.82790315287864
4.1000000000000005,29.376521037861398,-7.326386274107114,0.5674344287806763,30.10817248347118,-7.920767801268539,0.5116055755748592,30.13323070508765,-7.456776769405187,0.5212431492908434,29.54013516508404,-7.3897136933551595,0.5298504734719183,0.3231549086079885,52.83490075154147
4.2,30.219803705198007,-6.788915955885117,0.7013922122681917,29.756515734495245,-6.983820857463001,0.5812536820609213,30.884048702632334,-6.962491167746118,0.6119944375994981,30.29119168846294,-6.9199402764684415,0.6217016927031787,0.26477507807810896,51.87376586791777
4.3,30.983748263775194,-6.1436340706440165,0.8098486451011739,31.301323737182397,-6.254745419193403,0.6814965826105301,31.77857692850132,-6.332528612149076,0.6884524473908193,31.143563650632043,-6.328015748400019,0.6944674589001085,0.19547504470171242,50.960786719192726
4.4,31.6733563132409,-5.419451263535132,0.8890500165732913,31.16556677263713,-5.262694339810034,0.9621903573642747,32.486626093571985,-5.484422052314962,0.8213225734238101,31.722854102432983,-5.528257012160243,0.8299825235799214,0.15214379815002152,50.10192745480112
4.5,32.30350626097283,-4.642977797553554,0.9503814960086636,33.30187170681872,-3.186046564549889,0.9865455413186126,33.45318600845324,-4.293689299654953,0.9173328684499165,32.52091334142371,-4.44153275433568,0.9140289978081748,0.10025005877266449,49.29268566436726
4.6000000000000005,32.88487899334693,-3.8293404421845474,0.9906163978301983,32.390109933331,-4.8953635825502015,1.013978630146342,34.079774365620274,-3.6847532377216017,0.9483138813632124,32.98688349479743,-3.8720831207914945,0.9591377059772315,0.06105320666533505,48.528989002285094
4.7,33.43305342512562,-2.992976411188407,1.0150680692018534,33.02658287747046,-3.2006550412782495,0.9616525467792947,34.708151810201834,-2.837849758969954,0.9552929397892092,33.459093035984026,-3.0755151995775183,0.971178544117052,0.028477972064111467,47.80121760769617
4.800000000000001,33.96061553198858,-2.1434599467203466,1.0264623384254303,33.89022008878039,-1.6104698313265247,1.0401674113627388,35.37911068877043,-1.7928586060203584,0.9859867011355066,33.96557142733274,-2.10630720436186,0.9991636263675145,0.0025003886748456174,47.100805188453684
4.9,34.47846398283622,-1.2879875731426234,1.0274624959796785,34.39914656431687,-1.805814449555529,0.8813188394192526,36.02074210602432,-1.0613211221057632,0.9369582413226532,34.526765783612966,-1.3919883315742365,0.9543852340794459,-0.017705790941004777,46.41972940133309
5.0,34.995456567663815,-0.431997697482123,1.0203794394201235,34.75230261312715,-0.4588889728912833,1.1746604291024623,36.610160199549995,-0.10857686442163504,1.0000138992969783,34.96194446360258,-0.4991443543619501,1.01937571708448,-0.03343438770548039,45.751122621733764
5.1000000000000005,35.518499157873876,0.4203088487947142,1.0070006987877074,35.58363641861032,0.911678604306243,0.963428938111587,37.24336443562844,0.8882074724988123,0.9783490302148463,35.50823984934748,0.4515599523200369,0.9937485253104743,-0.03750695532269292,45.089413915180664
5.2,36.05289738696171,1.2655416763326555,0.9919908775345325,35.4604255037532,0.7829832952164695,0.9287029642973836,37.73965941108466,1.6192161918013968,0.9341973588226322,35.951992644699054,1.1941733176851173,0.9588116138924061,-0.06082981573721664,44.43016359546464
5.300000000000001,36.599921735912346,2.102658371695452,0.9676288952156336,37.66415660212993,1.691965032083259,1.040800881953757,38.54499607789181,2.411975076959308,0.9395332856126899,36.735570289517845,1.952063352854019,0.953426750968565,-0.07089153786110022,43.77236484299532
5.4,37.167175566606225,2.9262013830574096,0.9392246812861904,36.71571197756271,3.3919878894945317,0.972817990372592,39.03290269349822,3.385773638624217,0.9247211306009913,37.1622008682865,2.9109319681731174,0.9428602099442642,-0.09492807067571309,43.10915379323625
5.5,37.75758952921591,3.7333019670960588,0.9011389831892842,37.67927058038687,3.712920704028342,0.8439979772553405,39.60690113570142,4.167411747642978,0.8598091232935667,37.74994264315039,3.7096403191395444,0.8790637512410848,-0.11999685360587711,42.43765527282823
5.6000000000000005,38.37830689829582,4.517336371776443,0.8529085251605704,38.60134299903686,4.289844631606052,0.745954245614779,40.243900101851644,4.845541867990811,0.7752660937167715,38.45617649004304,4.422958948984646,0.7929921902763621,-0.1477115464079234,41.750897370477645
5.7,39.03610213773276,5.270533174062601,0.7933904062976689,38.39713335057295,5.3568271329236605,0.9311921143667492,40.72864240133295,5.65037593808284,0.760629555971911,38.93619489129001,5.246663319322758,0.7822971991287253,-0.22569273812311594,41.04188364739674
5.800000000000001,39.737535026494626,5.983268680799274,0.7015486013367149,39.817530833281346,5.923949517744332,0.7264916374583614,41.38273596151319,6.327794957787967,0.6754407921217056,39.66860544429437,5.9544254966020675,0.6924002457607497,-0.2533340026649987,40.30340560466752
5.9,40.501378660697156,6.628670030726802,0.597990066030806,41.15437953155057,6.73836128140873,0.5621299002100484,42.16040650330432,6.954706782064214,0.5406379210458114,40.57579697549068,6.612365558783367,0.5467335896098504,-0.3516185056713716,39.51596830291754
6.0,41.327847501821324,7.1916524946196665,0.45124456784763245,41.88099185685127,7.406030713850473,0.5852645606854412,42.92883563492725,7.545747391697938,0.45024487554055614,41.47167158994591,7.234916341612729,0.44945834122842543,-0.3804394871943883,38.676928060423386
6.1000000000000005,42.227752562821884,7.6277383590839705,0.29127560393921925,42.31936978143284,7.01550384322372,0.17188119034778948,43.637526319105596,7.740172407978423,0.23811145753331475,42.392657252179184,7.505482753699569,0.23558830042068024,-0.4138082528604767,37.77263761207936
6.2,43.185630897038195,7.914912690873898,0.1156090514499053,44.01109486315382,8.776745551265547,0.09994304473804849,44.52414378387247,8.167789974726682,0.08202673735545929,43.46506778115537,7.96310041027277,0.07067448663172682,-0.4429526555741681,36.81455025189227
6.300000000000001,44.17895561047305,8.030264386481592,-0.07414799819792828,43.98736194990505,8.760986532602693,-0.1707559588061538,45.245990094783956,8.332756806094274,-0.10877606730571632,44.3693789476471,8.173275599278986,-0.12083861129083484,-0.42481443958237186,35.82178818491399
6.4,45.17620790688997,7.956184312972098,-0.2550918390620769,44.72884439741206,8.277847710316621,-0.28952763225775957,45.971390497574326,8.232685618223439,-0.2829285903827725,45.24286930480059,8.110919093345526,-0.29672409186221493,-0.4298021382267542,34.82414492503927
6.5,46.143848032516004,7.703850036112134,-0.43844446567403494,46.14128709915597,7.622128586849877,-0.40898552893665663,46.82114384740613,7.886839298072544,-0.4300362249636782,46.19086560450455,7.792651779467642,-0.44327367552624874,-0.37936677695102666,33.85628686512527
6.6000000000000005,47.049261164319745,7.279318458067178,-0.5979159318972447,47.7530020949766,7.324610911518051,-0.5417216712772435,47.80881035972422,7.4335168971746866,-0.5542340640692158,47.2189089246932,7.368909757383776,-0.5633643021611161,-0.3198772026654069,32.95484332933721
6.7,47.87577173938996,6.716397265272749,-0.730417183081935,46.85068568887445,6.69203806430769,-0.8040029059273968,48.4543946652863,6.785598135361779,-0.7055613162901748,47.81769923896432,6.751155953823048,-0.7180639210011064,-0.25566262328028344,32.14247947383898
6.800000000000001,48.6206678701676,6.049216814155889,-0.8349702004502566,48.01126133995579,5.610140630691514,-0.8641279711918628,49.19319112330702,5.94648215758304,-0.8114248014688408,48.44572505037762,5.963582957817591,-0.8230372348440267,-0.18428227829588473,31.428103787032917
6.9,49.29186764283171,5.307940303550264,-0.9095290337460877,49.749818914009715,4.644743944680482,-0.9068559317432237,50.11294185634686,5.012875625995562,-0.8847328999847246,49.23114443378346,5.110196505420813,-0.8881101156970814,-0.13786869724100423,30.809038939478143
7.0,49.90598515385828,4.5187257049457195,-0.9650286001851605,49.663900437191494,4.354889157764739,-0.8775214719266433,50.85066896408243,4.193088241083288,-0.9039086408311774,49.83503291583246,4.346710234707941,-0.9100874781089798,-0.08784283837128577,30.272309232255335
7.1000000000000005,50.47537851918671,3.69666050344406,-1.0002563923387187,50.744436237688674,4.365359557165432,-1.013739556418424,51.65044359244476,3.493898412031074,-0.9408600739372046,50.499139568225324,3.7056307000734026,-0.948579256230837,-0.049914261641087886,29.808319914567786
7.2,51.015465060584525,2.8550510169237664,-1.0202386946113382,50.667493754749174,2.743121608483517,-0.999076857445317,52.29153460456326,2.576870090096448,-0.9626132456610064,50.98380877746518,2.846318615846808,-0.9744724062575418,-0.01927436259600041,29.403232524718742
7.300000000000001,51.53862760333557,2.002818094617745,-1.0279493945177673,51.626914282562424,1.460624058501062,-1.0200526713736817,52.990242467153216,1.5593657456056143,-0.9813390854075692,51.53830663805712,1.9001521812251914,-0.9906179993831099,0.004604799994727463,29.045659754585834
7.4,52.055203346678795,1.1465765974982731,-1.0261074615009633,52.16931751174825,2.405313616265233,-0.8623218714250722,53.66065957991695,1.0200390706232132,-0.9192570762464083,52.16342800515713,1.3528970204281336,-0.9363643407462297,0.015860330100150543,28.725807720734185
7.5,52.57335535231665,0.2912880502503511,-1.019762797451751,52.14673367703725,0.14759636947576305,-1.1474722041719139,54.205645245081385,0.025292325946027816,-0.982792636058353,52.558449518838195,0.4120400709929265,-1.0028559459766146,0.03201959541941563,28.435768523474238
7.6000000000000005,53.09692341103699,-0.5606958039909227,-1.0069505803903174,52.80156990405525,-0.4028933021957524,-0.9017200004823418,54.77051358867954,-0.8131164224244567,-0.9385722861933301,53.06047467346998,-0.41433074514734297,-0.9607274399759564,0.04535347639349928,28.172098277231033
7.7,53.63136400116838,-1.4059018472845146,-0.9887967410194558,53.26682208229658,-1.7329750673184128,-1.1761830588239257,55.31735165415106,-1.841722274592735,-0.9958032946646402,53.47725138703377,-1.3862440406429415,-1.017406536468732,0.06727285078134368,27.929249461080133
7.800000000000001,54.18105942006857,-2.2412670048294885,-0.9618469334250994,54.099726459796116,-2.77247421075927,-1.0080492394121565,55.91596701048752,-2.8400812013890624,-0.9750716080579642,54.00560554048062,-2.343873290995759,-0.9927172853797841,0.0878336867627289,27.70258389422206
7.9,54.75306543652733,-3.061516428562894,-0.9266228303047956,54.31463504744354,-3.108647705689173,-1.0800135692295791,56.445132396191624,-3.7105602325093163,-0.9751319038342272,54.46662268285962,-3.19589716885671,-0.9964613389953403,0.0944758628098698,27.483953801890582
8.0,55.35360321101269,-3.861112815133124,-0.8887196473500159,54.620080588317194,-2.796489259118975,-1.0010684618887966,56.93380504650189,-4.296548429207191,-0.9300941995675083,54.93507825025096,-3.813641621946095,-0.9611837830962324,0.12047575666399243,27.265600618969795
8.1,55.984009647287316,-4.637378056596069,-0.8402948318268675,55.435616858059994,-3.7189212924354123,-0.5867798963526853,57.481639198830834,-4.7969385174094255,-0.7581373173744228,55.59950436868978,-4.3974518635167605,-0.7903338947627656,0.16935803295751492,27.045181096485653
8.200000000000001,56.65125289963051,-5.382217933484035,-0.7718964271810465,56.06546958521783,-5.5663424118780505,-0.7420900824691712,58.04431850917624,-5.580142634453086,-0.6989835139528688,56.23682618988606,-5.208985271096174,-0.7251819722696728,0.1987796563306038,26.81267716394978
8.3,57.36784210928503,-6.079713384800175,-0.6913204832448878,58.23219093148782,-6.573141924014293,-0.7127250132143339,58.89732543784499,-6.390033315642282,-0.6274241671945187,57.19851777938968,-6.013134977444902,-0.6352842107775563,0.29042432053251094,26.548917225283628
8.4,58.13824691544105,-6.717268429209445,-0.5717705026549758,58.52691570347192,-6.499885391976135,-0.6045963123766334,59.649284684924,-6.945760947791576,-0.5183350204913304,58.083310307323345,-6.60636612451985,-0.5205048062523603,0.3530767365877767,26.242533921426467
8.5,58.9791911515829,-7.258390219289833,-0.42436285266235085,58.91227966932488,-7.945838123474823,-0.4451474327831506,60.33489109803529,-7.5986608103630395,-0.39562571423194726,58.909892926981975,-7.299926940512469,-0.3940466691512299,0.3838979023546126,25.857535701352933
8.6,59.89049240868636,-7.67013045147714,-0.2627870411462352,59.75729866368189,-7.5540455066640115,-0.3112484831179092,61.0493507918009,-7.931877509961969,-0.2406021731457324,59.80149301769059,-7.692902805265063,-0.23431274614039665,0.4527160906225904,25.371231518319888
8.700000000000001,60.856162140410255,-7.929903370066243,-0.06822330357673412,61.09193140168283,-7.423545461156329,-0.05465953596685491,61.876060263844536,-8.003335075063472,-0.05499362135752861,60.841640890994896,-7.816974268586111,-0.04455418389542176,0.43382754967950377,24.776970061083816
8.8,61.8538358333455,-7.998073762649524,0.1170814176895032,62.0297140375451,-7.97149608886059,0.11708878237605891,62.722873702236235,-8.036947804797547,0.11366274564708112,61.873742384830415,-7.887616699972077,0.12602981732807184,0.41417610112041653,24.059180936332265
8.9,62.846989630204,-7.881259654830514,0.29292351618195234,62.486210613432576,-7.7230125239938605,0.2844336588800478,63.49904075945815,-7.877792284602653,0.2838432932583279,62.79563345972786,-7.762705379480584,0.297395792788814,0.41679089211822673,23.240257799697783
9.0,63.804393425923365,-7.5925072142483545,0.4700150964141723,64.85097758038866,-6.805829763010733,0.5036865601620737,64.56274044857643,-7.390890823226168,0.45536977669039524,63.9520822996903,-7.302109442785093,0.46540285483764166,0.34090981067774556,22.3429898889868
9.1,64.69595487705816,-7.139607469436752,0.6119194415986042,64.31442627221077,-7.695813205428461,0.7158662735652497,65.33679868793261,-7.05219956883963,0.6108905167149641,64.73776174461878,-6.98976895210735,0.6215031196348169,0.2962055197186941,21.38664156381656
9.200000000000001,65.5145018000493,-6.565167799095537,0.7339928552105239,65.64587641262287,-6.325096097399731,0.581749007426251,66.21174347482432,-6.462875926014202,0.6731987535558837,65.59030770046228,-6.436485321035628,0.6810661731428027,0.2581679735380025,20.400272926406206
9.3,66.25700755546264,-5.895328114411157,0.839617183524167,66.72072679624172,-5.668117945303976,0.7427138257331336,67.12287067744295,-5.764528900761028,0.7470717514158323,66.43499706200994,-5.785783616929506,0.7508986646079974,0.1849452032402211,19.401444728767235
9.4,66.9247553940441,-5.1509405647639435,0.9144504337788231,66.68899299031912,-5.019081962585684,0.9190290256753055,67.86334238295552,-4.9756157684543645,0.8382544074688223,67.0482378402869,-5.046912858362222,0.8449990459886862,0.13349227587265028,18.403096089230058
9.5,67.53498144299515,-4.358713217860544,0.968166802432707,67.38889585009336,-4.410457351893524,0.9461776279814416,68.5964712283076,-4.171456138374345,0.8935127552617876,67.63462559941541,-4.299415157620265,0.9026455782426961,0.08738065321647319,17.41255211482552
9.600000000000001,68.10179220191522,-3.5348651957275417,1.003208294167953,68.17807345796645,-2.7991192092309634,0.7792250913261753,69.33974476025035,-3.2202063304155275,0.8754710949594706,68.26404661024617,-3.4026139556866606,0.8823471138557011,0.04847656264901534,16.432694375941104
9.700000000000001,68.63939204525732,-2.691665095847007,1.0226141226939562,68.52096691300248,-2.6034088851607837,1.0484444711247267,70.01055049424949,-2.3425184197722255,0.932516083513188,68.78021405098305,-2.58099775497025,0.9433074537829889,0.017237231341342106,15.46371070530712
9.8,69.16052869588253,-1.8381918441424556,1.0295096981867466,68.9745714052219,-2.7165527353817467,1.05813270379916,70.64204334379143,-1.65258106651759,0.9582411691001242,69.2730472397897,-1.926681106167179,0.9767301208513972,-0.0005960156699921799,14.50440497815497
9.9,69.67576781420439,-0.9811453746024899,1.0292712918905202,70.53944292128648,-1.7480760770605586,1.1046545069405003,71.44247541012213,-0.8710607803833087,0.9878849818887279,69.9496940658286,-1.210416464624436,1.0015459792796113,-0.020611603962552582,13.553160385346592
10.0,70.19121124315633,-0.12422176566744647,1.0210254825607787,70.02694863159489,-0.1548839385818701,0.9291427540551354,72.00527107201896,0.04134757691269425,0.9562707645277673,70.40693429657418,-0.3296311479311258,0.9739605543480057,-0.03647587188412127,12.60938095081281
10.100000000000001,70.71370309745514,0.7284225107992341,1.0064286595942686,70.5464750112772,1.3784448081487133,1.0572749214777177,72.56023510147065,1.1257376125683598,0.976516507770973,70.83428245151025,0.698173753014719,0.9935823383906719,-0.059050189831288215,11.671947664682829
10.200000000000001,71.24858474538628,1.5733495033296303,0.9827810915054291,72.11474054809125,2.162055447818477,1.0210986327502702,73.29860418308883,2.1409161410443756,0.9729300536490992,71.50453039303379,1.6551248386147817,0.9809920594887611,-0.06771663597104487,10.740170568877165
10.3,71.80329545181182,2.4053927907713826,0.9556529586973683,72.67526271489572,2.624889370140532,1.0279085579608367,74.00478341553372,3.0385876869559327,0.9608189634943738,72.16110587793771,2.5182808839245268,0.9668286929328014,-0.08933402412304262,9.812315249589053
10.4,72.38037106742249,3.2220835118326474,0.9198239864518758,72.23208559065513,3.2553564197622498,0.8589622764596907,74.50293200653165,3.8153564103579,0.8899304408394855,72.64611967155459,3.3211078927341586,0.9059075200623736,-0.11137134047062203,8.888801076816257
10.5,72.98633125134488,4.017578486990093,0.8750903447777212,73.48112321864231,3.42842667543266,0.9433632916741876,75.13698964532989,4.462769747531607,0.8561729936787268,73.29414040892878,3.9913984641755116,0.8744295691381092,-0.13561981183960634,7.968305935787025
10.600000000000001,73.62725876334524,4.7851798968122985,0.820507365593893,73.53193323459266,5.370803443545958,0.886033046116296,75.66548091526639,5.364304346132763,0.821614798435732,73.81922530955595,4.902393507507307,0.8406109071792836,-0.1638466845418308,7.049644966072806
10.700000000000001,74.30910892460201,5.516671767986624,0.7543758468397508,75.21943200342541,5.882059113555947,0.6171894546645387,76.40374965938203,6.074456018208814,0.6993038596952825,74.67130192797215,5.646941948056693,0.7103531441093716,-0.19758868613103112,6.131655223292711
10.8,75.03780805098982,6.201505750205417,0.6742955032025,75.00433146454073,5.615502153908009,0.6290670547224564,76.96946093485467,6.535898355680624,0.5841755173779188,75.34608352180067,6.181784303523931,0.5999688345771395,-0.2942652321735154,5.213126645941783
10.9,75.81895504650569,6.825852906358574,0.5530699886107735,76.57456926314406,7.144619811807422,0.49207680250540253,77.7169890121763,7.130711375941585,0.4823175559236743,76.24420388819006,6.8190605354360505,0.4915193265545321,-0.26704274044018905,4.292898346054686
11.0,76.66987090979974,7.3511549086339665,0.4436392049422144,76.16301222657954,7.367545955072097,0.3374743041659407,78.25472556719868,7.536255641895914,0.3784068660341777,76.9491403949297,7.303177208160483,0.39307284109793983,-0.20210544147885048,3.3601643272039308
11.100000000000001,77.57306650426071,7.780384122628409,0.3616780323047921,77.23749636556242,7.936388858404031,0.46249802689469943,78.88961209971666,7.973094685598227,0.36005530735820646,77.72251049606407,7.791421563910463,0.37502520528950223,-0.16663026272894405,2.42700817528895
11.200000000000001,78.5083708830272,8.134228324305125,0.294402118565646,78.81275161913942,6.988583570006075,0.3209631263411632,79.69470303150617,8.044787922925561,0.2922745612286297,78.70146313391008,7.912410170125473,0.30455131005155645,-0.1495202964979095,1.5287419103973865
11.3,79.46534668228617,8.424396068261352,0.23414428145703559,79.50136346890245,8.6313412109477,0.3751851831941502,80.47871153919964,8.451993769284519,0.28229679720628775,79.60360788151857,8.346024132681036,0.2920275294586947,-0.14536038328711307,0.8224628468157634
